-- phpMyAdmin SQL Dump
-- version 4.5.1
-- http://www.phpmyadmin.net
--
-- Host: 127.0.0.1
-- Generation Time: 29 Jul 2017 pada 07.05
-- Versi Server: 10.1.19-MariaDB
-- PHP Version: 5.6.28

SET SQL_MODE = "NO_AUTO_VALUE_ON_ZERO";
SET time_zone = "+00:00";


/*!40101 SET @OLD_CHARACTER_SET_CLIENT=@@CHARACTER_SET_CLIENT */;
/*!40101 SET @OLD_CHARACTER_SET_RESULTS=@@CHARACTER_SET_RESULTS */;
/*!40101 SET @OLD_COLLATION_CONNECTION=@@COLLATION_CONNECTION */;
/*!40101 SET NAMES utf8mb4 */;

--
-- Database: `jurnal`
--

-- --------------------------------------------------------

--
-- Struktur dari tabel `artikel`
--

CREATE TABLE `artikel` (
  `id_artikel` int(12) NOT NULL,
  `id_kategori` int(12) NOT NULL,
  `judul_artikel` text NOT NULL,
  `nama_penulis` varchar(50) NOT NULL,
  `namasave` varchar(50) NOT NULL,
  `uraianperbaikan` text NOT NULL,
  `nomer_induk` int(50) NOT NULL,
  `email` varchar(50) NOT NULL,
  `program_studi` varchar(50) NOT NULL,
  `fakultas` varchar(50) NOT NULL,
  `universitas` varchar(50) NOT NULL,
  `alamat` text NOT NULL,
  `kata_kunci` text NOT NULL,
  `abstrak` text NOT NULL,
  `pendahuluan` text NOT NULL,
  `kajian_pustaka` text NOT NULL,
  `landasan_teori` text NOT NULL,
  `metode_penelitian` text NOT NULL,
  `pembahasan` text NOT NULL,
  `penutup` text NOT NULL,
  `daftar_pustaka` text NOT NULL,
  `vol` varchar(50) NOT NULL,
  `nomer` varchar(50) NOT NULL,
  `bulan` varchar(50) NOT NULL,
  `tahun` varchar(50) NOT NULL,
  `halaman` varchar(50) NOT NULL,
  `issn` varchar(70) NOT NULL,
  `create_at` date NOT NULL,
  `update_at` date NOT NULL,
  `status` varchar(50) NOT NULL,
  `kolom` varchar(10) NOT NULL,
  `view` int(11) NOT NULL,
  `like` int(11) NOT NULL,
  `coment` varchar(50) NOT NULL,
  `id_user` int(20) NOT NULL
) ENGINE=InnoDB DEFAULT CHARSET=latin1;

--
-- Dumping data untuk tabel `artikel`
--

INSERT INTO `artikel` (`id_artikel`, `id_kategori`, `judul_artikel`, `nama_penulis`, `namasave`, `uraianperbaikan`, `nomer_induk`, `email`, `program_studi`, `fakultas`, `universitas`, `alamat`, `kata_kunci`, `abstrak`, `pendahuluan`, `kajian_pustaka`, `landasan_teori`, `metode_penelitian`, `pembahasan`, `penutup`, `daftar_pustaka`, `vol`, `nomer`, `bulan`, `tahun`, `halaman`, `issn`, `create_at`, `update_at`, `status`, `kolom`, `view`, `like`, `coment`, `id_user`) VALUES
(46, 1, '<p>RANCANG BANGUN APLIKASI REKOMENDASI FILMDENGAN MENGGUNAKAN ALGORITMASIMPLE ADDITIVE WEIGHTING</p>', '   Didit setia budi s.kom', '', '', 12018200, 'didit@gmail.com', 'Teknik Informatika', '   Fakultas Teknologi Industri', 'Universitas Ahmad Dahlan', '                                            Soka, ngoro-oro, Patuk , gunungkidul, Yogyakarta', '                                            film, genre, sistem rekomendasi, Simple Additive Weighting', '<p style="text-align: justify;"><span style="font-size: 12pt;">&nbsp; <span style="font-size: 14pt;">&nbsp; Penelitian ini membahas aplikasi rekomendasi film dengan menggunakan metode Simple Additive Weighting (SAW). Di dunia film sudah terdapat banyak judul film, yang menyebabkan penonton kesulitan dalam memilih film. Meskipun dengan klasifikasi genre yang telah ada sekarang ini, tetapi klasifikasi ini terbilang cukup umum karena masih belum dapat mengatasi preferensi genre dari penonton yang berbeda-beda, seperti penonton dengan preferensi film yang memiliki genre action dengan sedikit bumbu comedy, tentu akan berbeda hasilnya dengan film dengan genre comedy dengan bumbu action, sehingga dibutuhkan aplikasi rekomendasi yang dapat mengatur preferensi genre. Algoritma SAW adalah salah satu metode yang dapat digunakan dalam sistem rekomendasi. Algoritma ini berjalan dengan menentukan nilai rating kecocokan setiap alternatif terhadap setiap kriteria dan membuatnya ke dalam sebuah matriks keputusan. Setelah terbentuk matriks keputusan, tahapan berikutnya adalah menormalisasikan matriks keputusan. Hasil akhir nilai preferensi diperoleh dari jumlahan dari perkalian elemen baris matriks ternormalisasi dengan bobot preferensi yang sesuai dengan elemen kolom matriks. Berdasarkan survei yang telah dilakukan, secara keseluruhan tingkat system usefulness dari aplikasi rekomendasi film sebesar 85.4%.</span></span></p>', '<p style="text-align: justify;"><span style="font-size: 14pt;"><strong>I. PENDAHULUAN</strong></span></p>\r\n<p style="text-align: justify;"><span style="font-size: 14pt;">&nbsp; &nbsp; Perkembangan teknologi informasi dan komunikasi telah meningkat dalam berbagai bidang seperti bidang ekonomi, ilmu pengetahuan, industri maupun dalam kehidupan sosial. Film merupakan perkembangan dari teknologi audio dan visual, bahkan beberapa film pada zaman sekarang telah menggunakan animasi komputer atau yang sering disebut dengan CG (Computer Graphics) untuk membuat efek film yang lebih nyata. Judul film internasional di dunia ini sebesar 3,357,063 [1] dan jumlah tersebut akan terus bertambah. </span></p>\r\n<p style="text-align: justify;"><span style="font-size: 14pt;">&nbsp; &nbsp;Dengan jumlah film yang banyak, dibuatlah klasifikasi genre film untuk membantu user dalam mencari dan memilih film yang tepat dilihat, tetapi klasifikasi genre itu sendiri masih terlalu umum. Saat ini sudah terdapat banyak aplikasi rekomendasi film yang telah beredar, tetapi kebanyakan aplikasi tersebut hanya dapat mencari satu genre saja tanpa mempedulikan preferensi dari penonton yang berbeda-beda, dimana mungkin terdapat penonton yang menginginkan film action dengan bumbu comedy atau penonton yang menginginkan film comedy tetapi dengan sedikit bumbu action.</span></p>\r\n<p style="text-align: justify;"><span style="font-size: 14pt;">&nbsp; &nbsp;Genre dalam film merupakan elemen utama dalam suatusistem rekomendasi, karena dengan adanya pengklasifikasian genre dapat memudahkan sistem dalam mencari sebuah film berdasarkan tipe-tipe tertentu, penonton juga lebih mudah dalam mengidentifikasi film seperti apa yang ditayangkan [2]. Oleh karena faktor-faktor di atas, terutama pada genre dan subgenre film yang selalu berkembangseiring dengan waktu sesuai dengan pola tertentu [3] dan juga penonton yang memiliki preferensi film yang berbeda-beda, peneliti melihat kebutuhan akan aplikasi yang dapat merekomendasikan film dengan preferensi yang dapat diatur. Metode SAW sendiri merupakan salah satu metode Multi Attribute Decision Making (MADM) dimana metode ini sangat cocok digunakan dalam aplikasi rekomendasi karena memiliki banyak atribut [4]. Alasan lain pemilihan metode SAW dalam pembangunan aplikasi rekomendasi film karena penilaian dapat dilakukan secara tepat dan cepat karena didasarkan pada nilai kriteria.dapat memudahkan sistem dalam mencari sebuah film berdasarkan tipe-tipe tertentu, penonton juga lebih mudah dalam mengidentifikasi film seperti apa yang ditayangkan [2]. Oleh karena faktor-faktor di atas, terutama pada genre dan subgenre film yang selalu berkembangseiring dengan waktu sesuai dengan pola tertentu [3] dan juga penonton yang memiliki preferensi film yang berbeda-beda, peneliti melihat kebutuhan akan aplikasi yang dapat merekomendasikan film dengan preferensi yang dapat diatur. Metode SAW sendiri merupakan salah satu metode Multi Attribute Decision Making (MADM) dimana metode ini sangat cocok digunakan dalam aplikasi rekomendasi karena memiliki banyak atribut [4]. Alasan lain pemilihan metode SAW dalam pembangunan aplikasi rekomendasi film karena penilaian dapat dilakukan secara tepat dan cepat karena didasarkan pada nilai kriteria.</span></p>\r\n<p style="text-align: justify;"><span style="font-size: 14pt;">&nbsp; &nbsp; Dapat memudahkan sistem dalam mencari sebuah film berdasarkan tipe-tipe tertentu, penonton juga lebih mudah dalam mengidentifikasi film seperti apa yang ditayangkan [2]. Oleh karena faktor-faktor di atas, terutama pada genre dan subgenre film yang selalu berkembangseiring dengan waktu sesuai dengan pola tertentu [3] dan juga penonton yang memiliki preferensi film yang berbeda-beda, peneliti melihat kebutuhan akan aplikasi yang dapat merekomendasikan film dengan preferensi yang dapat diatur. Metode SAW sendiri merupakan salah satu metode Multi Attribute Decision Making (MADM) dimana metode ini sangat cocok digunakan dalam aplikasi rekomendasi karena memiliki banyak atribut [4]. Alasan lain pemilihan metode SAW dalam pembangunan aplikasi rekomendasi film karena penilaian dapat dilakukan secara tepat dan cepat karena didasarkan pada nilai kriteria.</span></p>', '<p style="text-align: justify;"><span style="font-size: 14pt;"><strong>II. Kajian Pustaka</strong></span></p>\r\n<p style="text-align: justify;"><span style="font-size: 14pt;">&nbsp; &nbsp; Perkembangan teknologi informasi dan komunikasi telah meningkat dalam berbagai bidang seperti bidang ekonomi, ilmu pengetahuan, industri maupun dalam kehidupan sosial. Film merupakan perkembangan dari teknologi audio dan visual, bahkan beberapa film pada zaman sekarang telah menggunakan animasi komputer atau yang sering disebut dengan CG (Computer Graphics) untuk membuat efek film yang lebih nyata. Judul film internasional di dunia ini sebesar 3,357,063 [1] dan jumlah tersebut akan terus bertambah.</span></p>\r\n<p style="text-align: justify;"><span style="font-size: 14pt;">&nbsp; &nbsp;Dengan jumlah film yang banyak, dibuatlah klasifikasi genre film untuk membantu user dalam mencari dan memilih film yang tepat dilihat, tetapi klasifikasi genre itu sendiri masih terlalu umum. Saat ini sudah terdapat banyak aplikasi rekomendasi film yang telah beredar, tetapi kebanyakan aplikasi tersebut hanya dapat mencari satu genre saja tanpa mempedulikan preferensi dari penonton yang berbeda-beda, dimana mungkin terdapat penonton yang menginginkan film action dengan bumbu comedy atau penonton yang menginginkan film comedy tetapi dengan sedikit bumbu action.</span></p>\r\n<p style="text-align: justify;"><span style="font-size: 14pt;">&nbsp; &nbsp;Genre dalam film merupakan elemen utama dalam suatusistem rekomendasi, karena dengan adanya pengklasifikasian genre dapat memudahkan sistem dalam mencari sebuah film berdasarkan tipe-tipe tertentu, penonton juga lebih mudah dalam mengidentifikasi film seperti apa yang ditayangkan [2]. Oleh karena faktor-faktor di atas, terutama pada genre dan subgenre film yang selalu berkembangseiring dengan waktu sesuai dengan pola tertentu [3] dan juga penonton yang memiliki preferensi film yang berbeda-beda, peneliti melihat kebutuhan akan aplikasi yang dapat merekomendasikan film dengan preferensi yang dapat diatur. Metode SAW sendiri merupakan salah satu metode Multi Attribute Decision Making (MADM) dimana metode ini sangat cocok digunakan dalam aplikasi rekomendasi karena memiliki banyak atribut [4]. Alasan lain pemilihan metode SAW dalam pembangunan aplikasi rekomendasi film karena penilaian dapat dilakukan secara tepat dan cepat karena didasarkan pada nilai kriteria.dapat memudahkan sistem dalam mencari sebuah film berdasarkan tipe-tipe tertentu, penonton juga lebih mudah dalam mengidentifikasi film seperti apa yang ditayangkan [2]. Oleh karena faktor-faktor di atas, terutama pada genre dan subgenre film yang selalu berkembangseiring dengan waktu sesuai dengan pola tertentu [3] dan juga penonton yang memiliki preferensi film yang berbeda-beda, peneliti melihat kebutuhan akan aplikasi yang dapat merekomendasikan film dengan preferensi yang dapat diatur. Metode SAW sendiri merupakan salah satu metode Multi Attribute Decision Making (MADM) dimana metode ini sangat cocok digunakan dalam aplikasi rekomendasi karena memiliki banyak atribut [4]. Alasan lain pemilihan metode SAW dalam pembangunan aplikasi rekomendasi film karena penilaian dapat dilakukan secara tepat dan cepat karena didasarkan pada nilai kriteria.</span></p>\r\n<p style="text-align: justify;"><span style="font-size: 14pt;">&nbsp; &nbsp; Dapat memudahkan sistem dalam mencari sebuah film berdasarkan tipe-tipe tertentu, penonton juga lebih mudah dalam mengidentifikasi film seperti apa yang ditayangkan [2]. Oleh karena faktor-faktor di atas, terutama pada genre dan subgenre film yang selalu berkembangseiring dengan waktu sesuai dengan pola tertentu [3] dan juga penonton yang memiliki preferensi film yang berbeda-beda, peneliti melihat kebutuhan akan aplikasi yang dapat merekomendasikan film dengan preferensi yang dapat diatur. Metode SAW sendiri merupakan salah satu metode Multi Attribute Decision Making (MADM) dimana metode ini sangat cocok digunakan dalam aplikasi rekomendasi karena memiliki banyak atribut [4]. Alasan lain pemilihan metode SAW dalam pembangunan aplikasi rekomendasi film karena penilaian dapat dilakukan secara tepat dan cepat karena didasarkan pada nilai kriteria.</span></p>', '<p style="text-align: justify;"><span style="font-size: 14pt;"><strong>III. LANDASAN TEORI</strong></span></p>\r\n<p><span style="font-size: 14pt;">&nbsp;A. Sistem Rekomendasi</span></p>\r\n<p style="text-align: justify; padding-left: 30px;"><span style="font-size: 14pt;">&nbsp; &nbsp; Sistem rekomendasi merupakan suatu teknik kecerdasan berbasis komputer untuk menghadapi &nbsp; &nbsp; masalah-masalah dari banyaknya suatu informasi atau produk [7]. Sistem rekomendasi film menggunakan konsep ini untuk membantu memilih film yang sesuai dengan informasi yang dicocokkan dengan kriteria penonton film. Secara umum terdapat dua metode yang digunakan dalam sistem rekomendasi yaitu content-basedfiltering dan collaborative filtering. Pada content-based filtering akan mendefinisikan profil suatu objekyang memungkinkan sistem untuk merekomendasikan profil yang mendekati apa saja atribut yang diinginkan oleh pengguna dengan mencocokan atribut yang terdapat pada masingmasing objek.</span></p>\r\n<p style="text-align: justify; padding-left: 30px;"><span style="font-size: 14pt;">&nbsp; &nbsp; Di lain sisi, collaborative filtering hanya bergantung pada aktivitaspengguna yang dapat berorientasi pada objek tersebut atau pada pengguna lain, salah satu cara untuk mendapatkan data pada collaborative filtering adalah dengan cara pemberian rating oleh user sebelumnya [8]. Dalam content-basedrecommendationsystem, sistem akan menganalisa deskripsi item yang telah dinilai oleh pengguna dengan deskripsi item-item yang akan direkomendasikan. Ada beberapa algoritma yang dapat digunakan dalam content-basedfiltering. Ada penggunaan klasifikasi secara khusus untuk mempelajari kelas item yang disukai dan tidak disuka oleh pengguna dan terdapat algoritma lainnya yang menggunakan nilai numerik dalam menyelesaikan masalah yang ada [9].</span></p>', '<p style="text-align: justify;"><span style="font-size: 14pt;"><strong>IV. Metode Penelitian</strong></span></p>\r\n<p><span style="font-size: 14pt;">&nbsp;A. Sistem Rekomendasi</span></p>\r\n<p style="text-align: justify; padding-left: 30px;"><span style="font-size: 14pt;">&nbsp; &nbsp; Sistem rekomendasi merupakan suatu teknik kecerdasan berbasis komputer untuk menghadapi &nbsp; &nbsp; masalah-masalah dari banyaknya suatu informasi atau produk [7]. Sistem rekomendasi film menggunakan konsep ini untuk membantu memilih film yang sesuai dengan informasi yang dicocokkan dengan kriteria penonton film. Secara umum terdapat dua metode yang digunakan dalam sistem rekomendasi yaitu content-basedfiltering dan collaborative filtering. Pada content-based filtering akan mendefinisikan profil suatu objekyang memungkinkan sistem untuk merekomendasikan profil yang mendekati apa saja atribut yang diinginkan oleh pengguna dengan mencocokan atribut yang terdapat pada masingmasing objek.</span></p>\r\n<p style="text-align: justify; padding-left: 30px;"><span style="font-size: 14pt;">&nbsp; &nbsp; Di lain sisi, collaborative filtering hanya bergantung pada aktivitaspengguna yang dapat berorientasi pada objek tersebut atau pada pengguna lain, salah satu cara untuk mendapatkan data pada collaborative filtering adalah dengan cara pemberian rating oleh user sebelumnya [8]. Dalam content-basedrecommendationsystem, sistem akan menganalisa deskripsi item yang telah dinilai oleh pengguna dengan deskripsi item-item yang akan direkomendasikan. Ada beberapa algoritma yang dapat digunakan dalam content-basedfiltering. Ada penggunaan klasifikasi secara khusus untuk mempelajari kelas item yang disukai dan tidak disuka oleh pengguna dan terdapat algoritma lainnya yang menggunakan nilai numerik dalam menyelesaikan masalah yang ada [9].</span></p>', '<p><span style="font-size: 14pt;"><strong>V. Pembahasan</strong></span></p>\r\n<p><span style="font-size: 14pt;">&nbsp; &nbsp; A. Cara Kerja Sistem</span></p>\r\n<p style="padding-left: 30px;"><span style="font-size: 14pt;">&nbsp; &nbsp;Aplikasi rekomendasi film yang bernama Cola ini berguna untuk merekomendasikan film berdasarkan preferensi dari genre, rating, dan tahun pembuatan film yang dikehendaki oleh user. Aplikasi ini diimplementasikan dengan menggunakan metode Simple Additive Weighting (SAW) dan dibuatmenggunakan Eclipse IDE dan TMDB (The MovieDatabase) API. Berikut ini merupakan flowchart yangmenunjukkan alur proses aplikasi secara garis besar.</span></p>\r\n<p><span style="font-size: 14pt;"><img style="display: block; margin-left: auto; margin-right: auto;" src="https://cs.calvin.edu/courses/cs/342/kvlinden/resources/databases/imdb/erd.png" alt="" width="356" height="324" /></span></p>\r\n<p style="text-align: center;"><span style="font-size: 14pt;">Gambar 2. Flowchart Aplikasi Rekomendasi Film Cola</span></p>\r\n<p style="text-align: justify; padding-left: 30px;"><span style="font-size: 14pt;">&nbsp; &nbsp;Pada Gambar 2 diperlihatkan alur proses ketika aplikasi Cola pertama kali dibuka oleh user, maka aplikasi akan membaca database genre yang akan digunakan sebagai pilihan preferensi genre, kemudian user dapat menginput tingkat preferensi genre, rating, dan tahun pembuatan film yang nantinya akan digunakan untuk perhitungan rekomendasi. Pada proses perhitungan rekomendasi nantinya akan melakukan request ke TMDB API untuk mengambil data film, hasil dari request TMDB API tersebut akan diterima aplikasi dalam format JSON, kemudian hasil dalam format JavaScript Object Notation (JSON) tersebut akan di-parsing ke dalam bentuk arraylist, yaitu listMovies dan diproses dengan metode SAW sehingga akan menghasilkan arraylist baru yang bernama listTotal untuk menyimpan data hasil rekomendasi film. Data tersebut akan ditampilkan ke user dalam bentuk listview yang nantinya apabila user mengklik salah satu judul film yang terdapat dalam listview tersebut, maka detail dari film yang judulnyadipilih oleh user akan ditampilkan. Detail film tersebut berupa poster, genre-genre yang terdapat pada film tersebut, rating film, aktor, dan juga sinopsis dari film yang dipilih tadi, kemudian aplikasi akan melakukan kalkulasi ulang dan merekomendasikan tiga film yang hampir sama dengan genre yang terdapat pada detail film yang telah dipilih oleh user.</span></p>\r\n<p style="text-align: center;">&nbsp;</p>\r\n<p style="text-align: center;">&nbsp;</p>\r\n<p style="text-align: center;">&nbsp;</p>\r\n<p style="text-align: center;">&nbsp;</p>', '<p><span style="font-size: 14pt;"><strong>VI. Kesimpulan dan Saran</strong></span></p>\r\n<p style="padding-left: 30px;"><span style="font-size: 14pt;">&nbsp; &nbsp; Berdasarkan tujuan penelitian, berikut kesimpulan yang didapatkan dalam penelitian. Aplikasi sistem rekomendasi film untuk merekomendasikan film sesuai dengan preferensi genre yang ditentukan oleh user telah berhasil dibuat dengan menggunakan metode Simple Additive Weighting pada platform Android. Dari hasil kuisioner yang dilakukan berdasarkan kuisioner J.R. Lewis dengan jumlah sampel 33 orang dan penilaian dengan skala satu sampai lima, pada kategori System Usefulness yang mendapatkan nilai sebesar 85.4% dapat disimpulkan bahwa aplikasi rekomendasi film sangat membantu pengguna dalam memilih film.</span></p>', '<p style="text-align: center;"><span style="font-size: 14pt;"><strong>Daftar Pustaka</strong></span></p>\r\n<p style="text-align: left;">&nbsp;</p>\r\n<p style="text-align: justify;"><span style="font-size: 14pt;">[1] Blitzmegaplex, Data Profile Customer Blitzmegaplex, https://www.blitzmegaplex.com/en/rate_card.php [diakses 7 Maret 2015].</span></p>\r\n<p style="text-align: justify;"><span style="font-size: 14pt;"> [2] Zhou, H., Hermans, T., Karandikar, A.V., dan Rehg, J.M.,&ldquo;Movie Genre Classification via Scene Categorization,&rdquo; MM&rsquo;10, Firenze, Italy, October 25-29, 2010.</span></p>\r\n<p style="text-align: justify;"><span style="font-size: 14pt;">[3] Grant, B.K., Film Genre Reader IV,University of Texas Press, Austin, U.S.A., 2012.</span></p>\r\n<p style="text-align: justify;"><span style="font-size: 14pt;">[4] Basyaib, F., Teori Pembuatan Keputusan, Grasindo, Jakarta,2006.</span></p>\r\n<p style="text-align: justify;"><span style="font-size: 14pt;">[5] Atmojo, R.N.P., Cahyani, A.D., Abbas, B.S., Pardamean, B., Anindito, dan Manulang, I.D.,&ldquo;Design of Single User Decision Support System Model Based on Fuzzy Simple Additive Weighting Algorithm to Reduce Consumer Confusion Problems in Smartphone Purchase,&rdquo; Applied Mathematical Sciences, vol. 8, no. 15, 2014, hal. 717-732.</span></p>\r\n<p style="text-align: justify;"><span style="font-size: 14pt;"> [6] Simarmata M. dan Abdullah D., &ldquo;Sistem Pengambilan Keputusan Kredit Rumah dengan Metode Fuzzy SAW MADM,&rdquo; Jurnal Informatika, vol. 9, no. 2, Juli 2015, hal. 1124-1129.</span></p>', '  2', '   3 ', 'Maret', '2010', '', '', '2017-05-09', '2017-05-10', 'post', '1', 196, 0, '', 11),
(50, 2, '<p>PERSEPSI DAN SIKAP MAHASISWA PENDIDIKAN BIOLOGI UMP TERHADAP MATA KULIAH MULTIMEDIA PEMBELAJARAN</p>', '               Faris sahaludin islam', '', '', 123457689, 'faris@gmail.com', 'Pendidikan Biologi', '               Fakultas Kesehatan', 'Universitas Ahmad Dahlan', '                                                                                                                                                                                                                                Soka, Ngoro-oro, Patuk , gunungkidul, Yogyakarta', '                                                                           persepsi, sikap, multimedia pembelajaran', '<p style="text-align: justify;"><span style="font-size: 14pt;">&nbsp; <em>Multimedia pembelajaran merupakan mata kuliah </em>pilihan untuk membekali calon guru terhadap penguasaan teknologi pembelajaran. Hal ini sesuai dengan learning outcomes yang dirumuskan oleh pendidikan biologi Universitas Muhammadiyah Purwokerto (UMP) bahwa lulusan diharapkan menjadi tenaga pendidik yang berinovasi untuk meningkatkan mutu pendidikan biologi (kompetensi pedagogik). Tujuan dari penelitian ini adalah untuk mengetahui persepsi dan sikap mahasiswa terhadap mata kuliah multimedia pembelajaran. Penelitian ini merupakan penelitian deskriptif dengan pendekatan kuantitatif. Subyek penelitian adalah seluruh mahasiswa Pendidikan Biologi UMP berjumlah 32 orang yang mengambil mata kuliah multimedia pembelajaran pada tahun akademik 2015/2016. Instrumen yang digunakan adalah angket untuk mengukur persepsi dan sikap serta dokumen untuk melihat keterampilan menyusun media. Angket yang digunakan memiliki alfa cronbach 0,83 yang berarti instrumen reliabel. Validasi dilakukan dengan expert judgement. Teknik analisis data yang digunakan dengan analisis deskriptif kuantitatif. Persepsi dan sikap mahasiswa terhadap pembelajaran multimedia dalam kategori cukup. Hal ini ditunjukkan dari tanggapan responden terhadap item-item persepsi mahasiswa tentang multimedia pembelajaran dengan presentase 64,2 % dan tanggapan responden terhadap item-item sikap mahasiswa tentang multimedia pembelajaran dengan persentase 72.</span></p>\r\n<p style="text-align: justify;"><span style="font-size: 14pt;">&nbsp;</span></p>\r\n<p style="text-align: justify;"><span style="font-size: 14pt;">&nbsp;</span></p>', '<p style="text-align: justify;"><strong>Pendahuluan</strong></p>\r\n<p style="text-align: justify;">&nbsp; Integrasi Teknologi Informasi dan Komunikasi (TIK) ke dalam pembelajaran perlu dilakukan. Tuntutan ini merujuk pada tuntutan abad 21 bahwa peserta didik harus memiliki TIK (ICT) skills. Hal ini diperkuat dengan adanya Undang- Undang yang menghimbau agar dalam pelaksanaan pembelajaran memanfaatkan teknologi informasi. Integrasi TIK dalam pembelajaran dapat meningkatkan keefektifan proses belajar mengajar terutama dalam pembelajaran sains seperti biologi, kimia, maupun fisika (Aina, 2013, p. 46). Menurut (Keengwe &amp; Hussein, 2013, p. 75) peserta didik yang belajar menggunakan CAI (Computer Assited Instruction) sebagai suplemen menunjukkan hasil yang lebih baik dari pembelajaran tradisional.</p>\r\n<p style="text-align: justify;">&nbsp; &nbsp;Hal ini didukung pula oleh karakter peserta didik saat ini yang tergolong digital natives (tumbuh dan berkembang dalam lingkungan teknologi informasi). Berdasarkan hal tersebut sudah menjadi keharusan seorang guru untuk mengembangkan kompetensinya melalui ICT skills. Penelitian Dopo &amp; Ismaniati (2015, p. 23) menunjukkan bahwa persepsi guru terhadap digital natives berpengaruh terhadap motivasi guru dalam memanfaatkan sumber belajar digital. Pengelolaan sumber belajar digital termasuk di antaranya adalah memanfaatkan multimedia berbasis komputer dalam pembelajaran.</p>\r\n<p style="text-align: justify;">&nbsp; &nbsp;Pembelajaran multimedia merupakan model yang menggabungkan teknologi untuk memfasilitasi guru dan peserta didik dalam meningkatkan proses pembelajaran. Multimedia dapat meningkatkan kapasitas working memory, yakni kemampuan otak untuk memproses informasi. Otak dapat memproses informasi dengan cepat apabila informasi yang disajikan dalam bentuk visual dan verbal (Mayer, 2009, p. 64). Pembelajaran multimedia juga dapat membantu guru dalam menciptakan pembelajaran yang lebih baik. Program-program komputer dapat digunakan untuk membuat media pembelajaran interaktif dalam dunia pendidikan. Sehingga hal ini akan menumbuhkan motivasi para pelaku dalam bidang pendidikan untuk membuat media pembelajaran interaktif yang lebih variatif dan inovatif (Srinivasan &amp; Crooks, 2005, p. 164). Selain itu pembelajaran multimedia dapat mengakomodir peserta didik dengan kecerdasan ganda melalui multimedia interaktif (Bull, 2013, p. 617).</p>', '<p style="text-align: justify;"><strong>Kajian Pustaka</strong></p>\r\n<p style="text-align: justify;">&nbsp; Integrasi Teknologi Informasi dan Komunikasi (TIK) ke dalam pembelajaran perlu dilakukan. Tuntutan ini merujuk pada tuntutan abad 21 bahwa peserta didik harus memiliki TIK (ICT) skills. Hal ini diperkuat dengan adanya Undang- Undang yang menghimbau agar dalam pelaksanaan pembelajaran memanfaatkan teknologi informasi. Integrasi TIK dalam pembelajaran dapat meningkatkan keefektifan proses belajar mengajar terutama dalam pembelajaran sains seperti biologi, kimia, maupun fisika (Aina, 2013, p. 46). Menurut (Keengwe &amp; Hussein, 2013, p. 75) peserta didik yang belajar menggunakan CAI (Computer Assited Instruction) sebagai suplemen menunjukkan hasil yang lebih baik dari pembelajaran tradisional.</p>\r\n<p style="text-align: justify;">&nbsp; &nbsp;Hal ini didukung pula oleh karakter peserta didik saat ini yang tergolong digital natives (tumbuh dan berkembang dalam lingkungan teknologi informasi). Berdasarkan hal tersebut sudah menjadi keharusan seorang guru untuk mengembangkan kompetensinya melalui ICT skills. Penelitian Dopo &amp; Ismaniati (2015, p. 23) menunjukkan bahwa persepsi guru terhadap digital natives berpengaruh terhadap motivasi guru dalam memanfaatkan sumber belajar digital. Pengelolaan sumber belajar digital termasuk di antaranya adalah memanfaatkan multimedia berbasis komputer dalam pembelajaran.</p>\r\n<p style="text-align: justify;">&nbsp; &nbsp;Pembelajaran multimedia merupakan model yang menggabungkan teknologi untuk memfasilitasi guru dan peserta didik dalam meningkatkan proses pembelajaran. Multimedia dapat meningkatkan kapasitas working memory, yakni kemampuan otak untuk memproses informasi. Otak dapat memproses informasi dengan cepat apabila informasi yang disajikan dalam bentuk visual dan verbal (Mayer, 2009, p. 64). Pembelajaran multimedia juga dapat membantu guru dalam menciptakan pembelajaran yang lebih baik. Program-program komputer dapat digunakan untuk membuat media pembelajaran interaktif dalam dunia pendidikan. Sehingga hal ini akan menumbuhkan motivasi para pelaku dalam bidang pendidikan untuk membuat media pembelajaran interaktif yang lebih variatif dan inovatif (Srinivasan &amp; Crooks, 2005, p. 164). Selain itu pembelajaran multimedia dapat mengakomodir peserta didik dengan kecerdasan ganda melalui multimedia interaktif (Bull, 2013, p. 617).</p>', '<p style="text-align: justify;"><strong>Landasan Teori</strong></p>\r\n<p style="text-align: justify;">&nbsp; Integrasi Teknologi Informasi dan Komunikasi (TIK) ke dalam pembelajaran perlu dilakukan. Tuntutan ini merujuk pada tuntutan abad 21 bahwa peserta didik harus memiliki TIK (ICT) skills. Hal ini diperkuat dengan adanya Undang- Undang yang menghimbau agar dalam pelaksanaan pembelajaran memanfaatkan teknologi informasi. Integrasi TIK dalam pembelajaran dapat meningkatkan keefektifan proses belajar mengajar terutama dalam pembelajaran sains seperti biologi, kimia, maupun fisika (Aina, 2013, p. 46). Menurut (Keengwe &amp; Hussein, 2013, p. 75) peserta didik yang belajar menggunakan CAI (Computer Assited Instruction) sebagai suplemen menunjukkan hasil yang lebih baik dari pembelajaran tradisional.</p>\r\n<p style="text-align: justify;">&nbsp; &nbsp;Hal ini didukung pula oleh karakter peserta didik saat ini yang tergolong digital natives (tumbuh dan berkembang dalam lingkungan teknologi informasi). Berdasarkan hal tersebut sudah menjadi keharusan seorang guru untuk mengembangkan kompetensinya melalui ICT skills. Penelitian Dopo &amp; Ismaniati (2015, p. 23) menunjukkan bahwa persepsi guru terhadap digital natives berpengaruh terhadap motivasi guru dalam memanfaatkan sumber belajar digital. Pengelolaan sumber belajar digital termasuk di antaranya adalah memanfaatkan multimedia berbasis komputer dalam pembelajaran.</p>\r\n<p style="text-align: justify;">&nbsp; &nbsp;Pembelajaran multimedia merupakan model yang menggabungkan teknologi untuk memfasilitasi guru dan peserta didik dalam meningkatkan proses pembelajaran. Multimedia dapat meningkatkan kapasitas working memory, yakni kemampuan otak untuk memproses informasi. Otak dapat memproses informasi dengan cepat apabila informasi yang disajikan dalam bentuk visual dan verbal (Mayer, 2009, p. 64). Pembelajaran multimedia juga dapat membantu guru dalam menciptakan pembelajaran yang lebih baik. Program-program komputer dapat digunakan untuk membuat media pembelajaran interaktif dalam dunia pendidikan. Sehingga hal ini akan menumbuhkan motivasi para pelaku dalam bidang pendidikan untuk membuat media pembelajaran interaktif yang lebih variatif dan inovatif (Srinivasan &amp; Crooks, 2005, p. 164). Selain itu pembelajaran multimedia dapat mengakomodir peserta didik dengan kecerdasan ganda melalui multimedia interaktif (Bull, 2013, p. 617).</p>', '<p style="text-align: justify;"><strong>Mentode Penelitian</strong></p>\r\n<p style="text-align: justify;">&nbsp; &nbsp;Metode Penelitian Penelitian ini merupakan penelitian deskriptif dengan pendekatan kuantitatif. Subjek penelitian adalah seluruh mahasiswa yang mengambil mata kuliah multimedia pembelajaran berjumlah 32 orang pada tahun akademik 2015/2016. Teknik pengambilan data dengan menyebar angket dan dokumen. Angket yang digunakan merupakan angket tertutup dengan modifikasi skala likert yang terdiri dari empat pilihan : Sangat setuju (SS) skoring 4, Setuju (S) skoring 3, Kurang Setuju (KS) skoring 2 dan Tidak Setuju (TS) skoring 1. Angket digunakan untuk mengumpulkan data.&nbsp;Metode Penelitian Penelitian ini merupakan penelitian deskriptif dengan pendekatan kuantitatif. Subjek penelitian adalah seluruh mahasiswa yang mengambil mata kuliah multimedia pembelajaran berjumlah 32 orang pada tahun akademik 2015/2016. Teknik pengambilan data dengan menyebar angket dan dokumen. Angket yang digunakan merupakan angket tertutup dengan modifikasi skala likert yang terdiri dari empat pilihan : Sangat setuju (SS) skoring 4, Setuju (S) skoring 3, Kurang Setuju (KS) skoring 2 dan Tidak Setuju (TS) skoring 1. Angket digunakan untuk mengumpulkan data&nbsp;</p>\r\n<p style="text-align: justify;">&nbsp;Metode Penelitian Penelitian ini merupakan penelitian deskriptif dengan pendekatan kuantitatif. Subjek penelitian adalah seluruh mahasiswa yang mengambil mata kuliah multimedia pembelajaran berjumlah 32 orang pada tahun akademik 2015/2016. Teknik pengambilan data dengan menyebar angket dan dokumen. Angket yang digunakan merupakan angket tertutup dengan modifikasi skala likert yang terdiri dari empat pilihan : Sangat setuju (SS) skoring 4, Setuju (S) skoring 3, Kurang Setuju (KS) skoring 2 dan Tidak Setuju (TS) skoring 1. Angket digunakan untuk mengumpulkan data.Metode Penelitian Penelitian ini merupakan penelitian deskriptif dengan pendekatan kuantitatif. Subjek penelitian adalah seluruh mahasiswa yang mengambil mata kuliah multimedia pembelajaran berjumlah 32 orang pada tahun akademik 2015/2016. Teknik pengambilan data dengan menyebar angket dan dokumen. Angket yang digunakan merupakan angket tertutup dengan modifikasi skala likert yang terdiri dari empat pilihan : Sangat setuju (SS) skoring 4, Setuju (S) skoring 3, Kurang Setuju (KS) skoring 2 dan Tidak Setuju (TS) skoring 1. Angket digunakan untuk mengumpulkan data&nbsp;</p>', '<p><strong>Pembahasan</strong></p>\r\n<p style="text-align: justify;">&nbsp;Pembelajaran yang telah dilakukan berawal dari analisis masalah yang ditemui mahasiswa selama kegiatan PPL. Setelah menemukan permasalahan, mahasiswa menentukan tujuan dan jenis teknologi apa yang akan digunakan. Teknologi diarahkan kepada penggunaan media Flash. Mahasiswa kemudian membuat desain multimedia yang akan dikembangkan dalam storyboard. Desain tersebut kemudian dikembangkan lagi dengan membuat aset-aset. Mahasiswa tidak terbiasa dengan software untuk menggambar, sehingga kegiatan penyusunan media membutuhkan lebih banyak waktu.</p>\r\n<p style="text-align: justify;">&nbsp; Setelah membuat aset atau gambar, Mahasiswa menyusunannya dalam media flash (Adobe flash). Kegiatan menyusun dan membuat animasi dipandu oleh dosen terlebih dahulu. Selain mendapatkan materi dari dosen, mahasiswa berusaha memanfaatkan sumber belajar lain seperti dari youtube maupun situs-situs tutorial di dunia maya. Berdasarkan media yang dikumpulkan mahasiswa diketahui bahwa mahasiswa mampu menyusun multimedia dengan menggunakan Adobe Flash. Penelitian ini tidak membedakan persepsi dan sikap mahasiswa berdasarkan gender.</p>\r\n<p style="text-align: justify;">&nbsp; Hal ini didasarkan pada penelitian Nachimutu &amp; Vijayakumari (2012, p. 172) yang mengemukakan bahwa perbedaan gender tidak berpengaruh terhadap persepsi pelajar pada multimedia. Data menunjukkan bahwa persentase sikap lebih tinggi dibanding persepsinya, walaupun perbedaannya tidak begitu jauh karena masih berada dalam rentang cukup. Berdasarkan hasil penelitian tersebut pembenahan kualitas pembelajaran diperlukan untuk mendukung mahasiswa calon guru dalam memanfaatkan sumber belajar digital. Seperti yang diungkapkan oleh (Dopo &amp; Ismaniati, 2015, p. 22) bahwa persepsi seorang guru menjadi prediktor penting bagi motivasi guru dalam memanfaatkan sumber belajar.&nbsp;</p>\r\n<p><img style="display: block; margin-left: auto; margin-right: auto;" src="https://people-mozilla.org/~dietrich/Fx3-Places-ERD.png" alt="" width="512" height="446" /></p>\r\n<p style="text-align: center;">Gamabar : tentang grafik yang mantap</p>\r\n<p style="text-align: justify;">&nbsp; &nbsp;Setelah membuat aset atau gambar, Mahasiswa menyusunannya dalam media flash (Adobe flash). Kegiatan menyusun dan membuat animasi dipandu oleh dosen terlebih dahulu. Selain mendapatkan materi dari dosen, mahasiswa berusaha memanfaatkan sumber belajar lain seperti dari youtube maupun situs-situs tutorial di dunia maya. Berdasarkan media yang dikumpulkan mahasiswa diketahui bahwa mahasiswa mampu menyusun multimedia dengan menggunakan Adobe Flash. Penelitian ini tidak membedakan persepsi dan sikap mahasiswa berdasarkan gender.</p>\r\n<p style="text-align: justify;">&nbsp;</p>', '<p><strong>Simpulan </strong></p>\r\n<p style="text-align: justify;">&nbsp; Berdasarkan penelitian yang telah dilakukan dapat disimpulkan bahwa persepsi dan sikap mahasiswa pendidikan biologi UMP tahun akademik 2015/2016 terhadap pembelajaran multimedia dalam kategori cukup.</p>', '<p style="text-align: center;"><strong>Daftar Pustaka</strong></p>\r\n<p style="text-align: justify;">&nbsp;Aina, J. K. (2013). Effective Teaching and Learning in Science Education through Information and Communication Technology (ICT). Journal of Research &amp; Method in Education (IOSR-JRME), 2(5 (Jul.-Aug.)), 43-47. Bull. (2013).</p>\r\n<p style="text-align: justify;">&nbsp; Cognitive Costructivist Theory of Multimedia: Designing Teacher-Made Interactive Digital. Journal of Creative Education Vol.4, No. 9. Dopo, F. B., &amp; Ismaniati, C. (2015).</p>\r\n<p style="text-align: justify;">&nbsp; Persepsi Guru Tentang Digital Natives, Sumber Belajar Digital dan Motivasi Memanfaatkan Sumber Belajar Digital. Jurnal Inovasi Teknologi Pendidikan, 3 No 1(April), 13-24.</p>', '         2', '          10        ', 'Februari', '2012', '', '', '2017-05-10', '2017-05-17', 'post', '2', 115, 0, '', 9);
INSERT INTO `artikel` (`id_artikel`, `id_kategori`, `judul_artikel`, `nama_penulis`, `namasave`, `uraianperbaikan`, `nomer_induk`, `email`, `program_studi`, `fakultas`, `universitas`, `alamat`, `kata_kunci`, `abstrak`, `pendahuluan`, `kajian_pustaka`, `landasan_teori`, `metode_penelitian`, `pembahasan`, `penutup`, `daftar_pustaka`, `vol`, `nomer`, `bulan`, `tahun`, `halaman`, `issn`, `create_at`, `update_at`, `status`, `kolom`, `view`, `like`, `coment`, `id_user`) VALUES
(51, 1, '<p>PEMODELAN GRAPH DATABASE UNTUK MODA TRANSPORTASI BUS RAPID TRANSIT</p>', '  Novita pramudita', '', '', 1256893646, 'novita@gmail.com', 'Teknik Informatika', '  Fakultas Teknologi Industri', 'Universitas Ahmad Dahlan', '                             Soka, Ngoro-oro, Patuk, Gunugkidul', '                             BRT, graphdatabase', '<p style="text-align: justify;"><span style="font-size: 14pt;">&nbsp; &nbsp; Bus Rapid Transit (BRT) merupakan salah satu alternatif transportasi massal. Rute BRT memiliki karakteristik khusus yang dapat dimodelkan dengan graph. Ketika rute dan shelter semakin bertambah, dibutuhkan aplikasi komputer untuk melakukan pencarian rute BRT. Hal tersebut akan memudahkan pencarian dan penjelajahan rute-rute BRT. Namun, ketika rute diimplementasikan menggunakan basis data relasional, performa query dapat menurun karena banyaknya operasi JOIN untuk mencari rute. Artikel ini mengusulkan sebuah model graph database untuk BRT dan implementasinya. Identifikasi kebutuhan data dilakukan, dilanjutkan dengan pemodelan menggunakan entity relationship (ER). Hasil ER tersebut kemudian dipetakan ke dalam property graph untuk kemudian diimplementasikan menggunakan produk graph database Neo4J. Hasil penelitian ini menunjukkan bahwa model yang dibuat bisa diterapkan dalam basis data graph dan graph dapat menunjukkan rute BRT tertentu. Dari sisi performance, basis data graph menunjukkan kinerja perambatan yang lebih baik dibandingkan dengan basis data relasional.</span></p>', '<p style="text-align: justify;"><span style="font-size: 14pt;"><strong>1. Pendahuluan</strong></span></p>\r\n<p style="text-align: justify;"><span style="font-size: 14pt;">&nbsp; &nbsp;Masyarakat di beberapa kota di Indonesia saat ini telah memiliki alternatif transportasi massal yang dinamakan dengan Bus Rapid Transit (BRT). BRT hadir dengan berbagai nama seperti Trans Jakarta (Jakarta), Trans Semarang (Semarang), Trans Jogja (Yogyakarta), Batik Solo Trans (Solo), Trans Musi (Palembang) dan yang lainnya. Hadirnya BRT merupakan upaya untuk menyediakan transportasi yang dapat menambah penggunaan transportasi umum, menambah tingkat dan kualitas layanan transportasi publik (Mzee &amp; Chen, 2010). </span></p>\r\n<p style="text-align: justify;"><span style="font-size: 14pt;">&nbsp; &nbsp;Sistem BRT di Indonesia memiliki shelter / halte tertentu. Shelter tersebut memiliki beberapa tipe, misalnya transit point dan transfer point. Selain itu, setiap bus pada BRT memiliki ruterute perjalanan tertentu yang biasanya disebut dengan koridor, di mana setiap bus melewati shelter yang telah ditentukan. Dengan demikian BRT merupakan sebuah jaringan transportasi. Pemodelan data terkait dengan jaringan transportasi ini penting ketika akan membuat sebuah program/aplikasi komputer. Basis data relasional telah lama menjadi standar penyimpanan data pada program/aplikasi komputer. </span></p>\r\n<p style="text-align: justify;"><span style="font-size: 14pt;">&nbsp; &nbsp;Dalam basis data relasional, data disimpan dalam tabel dan kolom di mana antar tabel dapat saling dikaitkan melalui kunci. Apabila diinginkan data dari tabel yang berbeda, dilakukan permintaan (query) menggunakan klausa JOIN. Untuk jaringan transportasi, jika disimpan dalam basis data relasional, akan memerlukan banyak operasi JOIN query yang menyebabkan komputasi tinggi (Dominguez-Sal et al., 2010). Dengan demikian performa aplikasi dapat menurun.&nbsp;</span></p>', '<p style="text-align: justify;"><span style="font-size: 14pt;"><strong>2.Kajian Pustaka</strong></span></p>\r\n<p style="text-align: justify;"><span style="font-size: 14pt;"> &nbsp; Graph adalah konsep matematika untuk menyajikan suatu himpunan objek, di mana pasangan dari objek terhubung dengan suatu penghubung (link). Suatu graph berarah G = (V, E) didefinisikan sebagai suatu himpunan node V dan himpunan edge E dengan ukuran m. Setiap edge terhubung ke dua node, satu node sebagai sumber dan yang lainnya sebagai target. Tergantung pada skenario yang disiapkan, suatu edge dapat memiliki beberapa atribut tambahan. Biasanya, suatu edge e &euro; E secara unik diidentifikasi oleh sumbernya yaitu u &euro; V dan target dari v &euro; V. </span></p>\r\n<p style="text-align: justify;"><span style="font-size: 14pt;">&nbsp; Dalam hal terdapat edge paralel dengan sumber dan target yang sama, atribut tambahan dari suatu edge atau konteks diperlukan untuk suatu identifikasi unik. Suatu path P di dalam G ialah suatu urutan edge (e1, ..., ek), sedemikian rupa sehingga target dari ei dan sumber dari ei+1 adalah sama untuk semua 1 &le; i &le; (k-1). Dalam hal graph tidak mempunyai edge paralel atau jika bebas dari konteks, dapat pula disajikan urutan node (u1, ..., uk, uk+1), di mana ui adalah sumber dari edge ei, untuk semua 1 &le; i &le; k, dan uk+1 adalah target dari ek. Dalam hal ini u1 adalah sumber dari P dan uk+1 adalah target dari P. Graph database memodelkan data sebagai data yang saling terhubung. Tidak seperti basis data relasional yang menyimpan data dalam tabel-tabel, basis data graf menyimpan data dalam bentuk nodes dan hubungan antar datanya menggunakan edges. Setiap node, secara internal, memiliki pointer ke node yang lain ataupun ke subgraf (Celko, 2014). Graph database adalah suatu sistem manajemen basis data online dengan metoda Create, Read, Update dan Delete (CRUD) yang menampakkan mode data graph.</span></p>\r\n<p style="text-align: justify;"><span style="font-size: 14pt;">&nbsp; Basis data ini dibangun dengan menggunakan sistem Online Transaction Processing (OLTP), sehingga akan memenuhi transactional integrity dan availability. Query dengan banyak join (joint-intensive) pada database relasional akan menurunkan kinerja khususnya untuk data yang bervolume besar. Akan tetapi, kinerja graphdatabase cenderung tetap relative konstan, meskipun terjadi pertumbuhan atau peningkatan data. Hal ini disebabkan karena pada umumnya query terbatas pada suatu segment dari graph. Waktu eksekusi untuk setiap query hanya proporsional ke ukuran dari segmentgraph yang terkait dengan query dan tidak dengan ukuran totalnya.</span></p>', '<p style="text-align: justify;"><span style="font-size: 14pt;"><strong>3.Landasan Teori</strong></span></p>\r\n<p style="text-align: justify;"><span style="font-size: 14pt;">&nbsp; Graph adalah konsep matematika untuk menyajikan suatu himpunan objek, di mana pasangan dari objek terhubung dengan suatu penghubung (link). Suatu graph berarah G = (V, E) didefinisikan sebagai suatu himpunan node V dan himpunan edge E dengan ukuran m. Setiap edge terhubung ke dua node, satu node sebagai sumber dan yang lainnya sebagai target. Tergantung pada skenario yang disiapkan, suatu edge dapat memiliki beberapa atribut tambahan. Biasanya, suatu edge e &euro; E secara unik diidentifikasi oleh sumbernya yaitu u &euro; V dan target dari v &euro; V.</span></p>\r\n<p style="text-align: justify;"><span style="font-size: 14pt;">&nbsp; Dalam hal terdapat edge paralel dengan sumber dan target yang sama, atribut tambahan dari suatu edge atau konteks diperlukan untuk suatu identifikasi unik. Suatu path P di dalam G ialah suatu urutan edge (e1, ..., ek), sedemikian rupa sehingga target dari ei dan sumber dari ei+1 adalah sama untuk semua 1 &le; i &le; (k-1). Dalam hal graph tidak mempunyai edge paralel atau jika bebas dari konteks, dapat pula disajikan urutan node (u1, ..., uk, uk+1), di mana ui adalah sumber dari edge ei, untuk semua 1 &le; i &le; k, dan uk+1 adalah target dari ek. Dalam hal ini u1 adalah sumber dari P dan uk+1 adalah target dari P. Graph database memodelkan data sebagai data yang saling terhubung. Tidak seperti basis data relasional yang menyimpan data dalam tabel-tabel, basis data graf menyimpan data dalam bentuk nodes dan hubungan antar datanya menggunakan edges. Setiap node, secara internal, memiliki pointer ke node yang lain ataupun ke subgraf (Celko, 2014). Graph database adalah suatu sistem manajemen basis data online dengan metoda Create, Read, Update dan Delete (CRUD) yang menampakkan mode data graph.</span></p>\r\n<p style="text-align: justify;"><span style="font-size: 14pt;">&nbsp; Basis data ini dibangun dengan menggunakan sistem Online Transaction Processing (OLTP), sehingga akan memenuhi transactional integrity dan availability. Query dengan banyak join (joint-intensive) pada database relasional akan menurunkan kinerja khususnya untuk data yang bervolume besar. Akan tetapi, kinerja graphdatabase cenderung tetap relative konstan, meskipun terjadi pertumbuhan atau peningkatan data. Hal ini disebabkan karena pada umumnya query terbatas pada suatu segment dari graph. Waktu eksekusi untuk setiap query hanya proporsional ke ukuran dari segmentgraph yang terkait dengan query dan tidak dengan ukuran totalnya.</span></p>', '<p><span style="font-size: 14pt;"><strong>4.Metode Peneltian</strong></span></p>\r\n<p style="text-align: justify;"><span style="font-size: 14pt;">Penelitian ini menggunakan beberapa tahapan dalam membentuk model graphdatabase sebagai berikut :</span></p>\r\n<p style="padding-left: 30px; text-align: justify;"><span style="font-size: 14pt;"> 1.dentifikasi kebutuhan data. Pada tahap ini dilakukan identifikasi data yang diperlukan untuk membentuk sebuah rute bus &nbsp; &nbsp; &nbsp; rapid transit. Sebagai studi kasus, dipilih rute pada Bus Rapid Transit Semarang.</span></p>\r\n<p style="text-align: justify; padding-left: 30px;"><span style="font-size: 14pt;"> 2.Pemodelan graphdatabase. Berdasarkan kebuthan data yang telah diidentifikasikan, dibuatlah model graphdatabase. Model &nbsp; &nbsp; yang dipilih adalah model yang dikemukakan oleh De Virgilio et al. (2014).</span></p>\r\n<p style="text-align: justify; padding-left: 30px;"><span style="font-size: 14pt;"> 3.Implementasi model. Neo4J akan digunakan sebagai graphdatabase untuk mengimplementasikan model yang telah dikembangkan.</span></p>', '<p><span style="font-size: 14pt;"><strong>5.PEMBAHASAN</strong></span></p>\r\n<p style="text-align: justify;"><span style="font-size: 14pt;"> &nbsp;Identifikasi kebutuhan data diperlukan untuk mendapatkan pemodelan data yang tepat. Pada bagian ini, akan diidentifikasi kebutuhan data yang diperlukan untuk rute Bus Rapid Transit. Sebagai studi kasus, dipilih Bus Rapid Transit Semarang. BRT memiliki rute berbasis koridor atau jalur-jalur yang dilewati. Rute BRT Trans Semarang mencakup empat koridor. Sepanjang rute terdapat sejumlah tempat pemberhentian bus yang disebut dengan shelter.</span></p>\r\n<p style="text-align: justify;"><span style="font-size: 14pt;">&nbsp; Terdapat dua jenis shelter, yaitu: a) sheltertransit point, dan b) sheltertransfer point. Kedua shelter tersebut mempunyai fungsi utama yang sama, yaitu untuk tempat menurunkan atau menaikkan penumpang. Sheltertransfer point digunakan untuk menaikkan dan menurunkan penumpang yang berasal dan atau mempunyai tujuan yang sesuai dengan rute BRT yang dinaiki. Sedangkan untuk sheltertransit point, titik lokasi shelter berada pada lokasi yang memungkinkan penumpang meneruskan perjalanan ke rute lain yang di luar rute BRT, atau pindah ke moda angkutan lain (bus umum, pesawat udara, kereta api, kapal laut). Berdasarkan informasi tersebut, maka dapat ditentukan data yang diperlukan untuk rute BRT yaitu:&nbsp;</span></p>\r\n<p><span style="font-size: 14pt;"><img style="display: block; margin-left: auto; margin-right: auto;" src="https://upload.wikimedia.org/wikipedia/commons/c/cd/Doua_erd.png" alt="" width="432" height="270" /></span></p>\r\n<p style="text-align: center;"><span style="font-size: 14pt;">Gamabar erd untuk pengembangan aplikasi</span></p>\r\n<p style="text-align: justify;"><span style="font-size: 14pt;">&nbsp;Identifikasi kebutuhan data diperlukan untuk mendapatkan pemodelan data yang tepat. Pada bagian ini, akan diidentifikasi kebutuhan data yang diperlukan untuk rute Bus Rapid Transit. Sebagai studi kasus, dipilih Bus Rapid Transit Semarang. BRT memiliki rute berbasis koridor atau jalur-jalur yang dilewati. Rute BRT Trans Semarang mencakup empat koridor. Sepanjang rute terdapat sejumlah tempat pemberhentian bus yang disebut dengan shelter.</span></p>\r\n<p style="text-align: justify;"><span style="font-size: 14pt;">&nbsp; Terdapat dua jenis shelter, yaitu: a) sheltertransit point, dan b) sheltertransfer point. Kedua shelter tersebut mempunyai fungsi utama yang sama, yaitu untuk tempat menurunkan atau menaikkan penumpang. Sheltertransfer point digunakan untuk menaikkan dan menurunkan penumpang yang berasal dan atau mempunyai tujuan yang sesuai dengan rute BRT yang dinaiki. Sedangkan untuk sheltertransit point, titik lokasi shelter berada pada lokasi yang memungkinkan penumpang meneruskan perjalanan ke rute lain yang di luar rute BRT, atau pindah ke moda angkutan lain (bus umum, pesawat udara, kereta api, kapal laut). Berdasarkan informasi tersebut, maka dapat ditentukan data yang diperlukan untuk rute BRT yaitu:&nbsp;</span></p>', '<p><span style="font-size: 14pt;"><strong>6. KESIMPULAN</strong></span></p>\r\n<p style="text-align: justify;"><span style="font-size: 14pt;"> &nbsp; &nbsp;Model graphdatabase dapat dibuat untuk BRT menggunakan propertygraph. Hasil penelitian ini menunjukkan bahwa untuk studi kasus BRT TransSemarang, model graph yang dihasilkan adalah adanya node yang merupakan sheltertransit point dan sheltertransfer point pada model yang dihasilkan. Satu sheltertransit point terhubung dengan satu sheltertransit point yang lain, sedangkan satu sheltertransfer point dapat terhubung dengan banyak sheltertransit point. Model yang dibuat kemudian dapat diimplementasikan menggunakan basis data graph Neo4J. Hasil pengujian menunjukkan bahwa performa basis data graph untuk masalah perambatan (traversing) menunjukkan hasil yang lebih baik daripada menggunakan basis data relasional.</span></p>\r\n<p>&nbsp;</p>', '<p style="text-align: center;"><span style="font-size: 12pt;"><strong>Daftar Pustaka</strong></span></p>\r\n<p><span style="font-size: 12pt;">Angles, R., &amp; Gutierrez, C. (2008). Survey of graphdatabase models. ACM Computing Surveys, 40(1), 1&ndash;39. http://doi.org/10.1145/1322432.1322433 Celko, J. (2014).</span></p>\r\n<p><span style="font-size: 12pt;"> NoSQL and Transaction Processing. In Joe Celko&rsquo;s Complete Guide to NoSQL (pp. 1&ndash;14). Elsevier. http://doi.org/10.1016/B978-0-12-407192-6.00001-7 De Virgilio, R., Maccioni, A., &amp; Torlone, R. (2014). </span></p>\r\n<p><span style="font-size: 12pt;">Model-Driven Design of GraphDatabases (pp. 172&ndash;185). http://doi.org/10.1007/978-3-319-12206-9_14 Dominguez-Sal, D., Urb&oacute;n-Bayes, P., Gim&eacute;nez-Va&ntilde;&oacute;, A., G&oacute;mez-Villamor, S., Mart&iacute;nezBaz&aacute;n, N., &amp; Larriba-Pey, J. L. (2010). </span></p>\r\n<p><span style="font-size: 12pt;">Survey of GraphDatabase Performance on the HPC Scalable Graph Analysis Benchmark (pp. 37&ndash;48). http://doi.org/10.1007/978-3-642- 16720-1_4</span></p>', ' 2', '  10', 'Maret', '2015', '', '', '2017-05-16', '2017-05-16', 'post', '1', 45, 0, '', 12),
(52, 1, '<p>LAYANAN INFORMASI LOKASI EVENT MENGGUNAKAN LBS BERBASIS JQUERY MOBILE&nbsp;</p>', '       Didit setia budi', '', '', 12018200, 'didit@gmail.com', 'Teknik Informatika', '       Fakultas Teknologi Industri', 'Universitas Ahmad Dahlan', '                                                                                                   Soka, Ngoro-oro, Patuk , Gunungkidul', '                                                                                                   pemrograman, web', '', '', '', '', '', '', '', '', ' 4', '  20', 'Juni', '2017', '', '', '2017-05-27', '2017-06-15', 'drafredaksi', '1', 0, 0, '', 0),
(54, 1, '<p>Pengembangan Aplikasi Tambal Ban paidi</p>', ' Didit Setia BUdi', 'Jurnal tambal ban', '', 12018200, 'didit@gmail.com', 'Teknik Informatika', ' teknologi industri', 'universitas indonesia', '              Yogyakarta', '              ', '', '', '', '', '', '', '', '', '', '', '', '', '', '', '2017-07-04', '2017-07-04', 'draf', '1', 0, 0, '', 11),
(55, 0, '<p>Pengembangan Aplikasi Tambal Ban paidi</p>', '  Didit Setia BUdi', 'Jurnal tambal ban 1', '', 12018200, 'didit@gmail.com', 'Teknik Informatika', '  teknologi industri', 'universitas indonesia', '                            Yogyakarta', '                            ', '', '', '', '', '', '', '', '', '', '', '', '', '', '', '2017-07-04', '0000-00-00', 'draf', '1', 0, 0, '', 11),
(56, 0, '<p>Pengembangan Aplikasi Tambal Ban paidi dengan metode skram</p>', '   Didit Setia BUdi', 'Jurnal tambal ban 1', '', 12018200, 'didit@gmail.com', 'Teknik Informatika', '   teknologi industri', 'universitas indonesia', '                                          Yogyakarta', '                                          ', '', '', '', '', '', '', '', '', '', '', '', '', '', '', '2017-07-06', '0000-00-00', 'final', '1', 0, 0, '', 11),
(58, 0, '<p>Pengembangan Aplikasi Tambal Ban paidi dengan metode skram keren abis</p>', '     Didit Setia BUdi', 'Jurnal tambal ban 1', '                              \n                                                                                                        1. judul nya kurnag jos \n2. kurang miring abstrak \n3. pendahuluan kurang jos\n4.kurang pengambangan\n\n                                                                ', 12018200, 'didit@gmail.com', 'Teknik Informatika', '     teknologi industri', 'universitas indonesia', '                                                                      Yogyakarta', '                                                                      ', '', '', '', '', '', '', '', '', '', '', '', '', '', '', '2017-07-07', '2017-07-09', 'revisi', '1', 0, 0, '', 11),
(59, 1, '<p>pengembangan aplikasi pembelian baju berbasis web</p>', 'didit setia budi', 'aplikasi baju', '', 12018299, 'didit@gmail.com', 'Teknik Informatika', 'Fakultas Teknologi Industri', 'Universitas Ahmad Dahlan', 'Yogyakarta', '', '', '', '', '', '', '', '', '', '', '', '', '', '', '', '2017-07-08', '0000-00-00', 'draf', '1', 0, 0, '', 11),
(60, 0, '<p>pengembangan aplikasi pembelian baju berbasis web dengan metode get one by one</p>', ' didit setia budi', 'aplikasi baju final', '', 12018299, 'didit@gmail.com', 'Teknik Informatika', ' Fakultas Teknologi Industri', 'Universitas Ahmad Dahlan', '              Yogyakarta', '              ', '', '', '', '', '', '', '', '', '', '', '', '', '', '', '2017-07-08', '0000-00-00', 'final', '1', 0, 0, '', 11),
(61, 0, '<p>pengembangan aplikasi pembelian baju berbasis web dengan metode get one by one</p>', '  didit setia budi', 'aplikasi baju final', '\r\n\r\n\r\n1. kurang jelas judulnya                                    ', 12018299, 'didit@gmail.com', 'Teknik Informatika', '  Fakultas Teknologi Industri', 'Universitas Ahmad Dahlan', '                            Yogyakarta', '                            ', '', '', '', '', '', '', '', '', '', '', '', '', '', '', '2017-07-08', '0000-00-00', 'revisi', '1', 0, 0, '', 11),
(63, 0, '<p>Pengembangan Aplikasi Tambal Ban paidi dengan metode skram keren abis</p>', '      Didit Setia BUdi', 'Jurnal tambal ban 1 revisi pertama', '                                            \r\n                                                                                                        1. judul nya kurnag jos \r\n2. kurang miring abstrak \r\n3. pendahuluan kurang jos\r\n4.kurang pengambangan\r\n\r\n                                                                ', 12018200, 'didit@gmail.com', 'Teknik Informatika', '      teknologi industri', 'universitas indonesia', '                                                                                    Yogyakarta', '                                                                                    ', '', '', '', '', '', '', '', '', '', '', '', '', '', '', '2017-07-09', '0000-00-00', 'revisi', '1', 0, 0, '', 11),
(64, 0, '<p>Pengembangan Aplikasi Tambal Ban paidi dengan metode skram keren abis</p>', '       Didit Setia BUdi', 'Jurnal tambal ban 1 revisi kedua', '                                                          \r\n                                                                                                        1. judul nya kurnag jos \r\n2. kurang miring abstrak \r\n3. pendahuluan kurang jos\r\n4.kurang pengambangan\r\n\r\n                                                                ', 12018200, 'didit@gmail.com', 'Teknik Informatika', '       teknologi industri', 'universitas indonesia', '                                                                                                  Yogyakarta', '                                                                                                  ', '', '', '', '', '', '', '', '', '', '', '', '', '', '', '2017-07-09', '0000-00-00', 'revisi', '1', 0, 0, '', 11),
(65, 0, '<p>Pengembangan Aplikasi Tambal Ban paidi dengan metode skram keren abis</p>', '        Didit Setia BUdi', 'Jurnal tambal ban 1 revisi selesai', '                                                                        \r\n                                                                                                        1. judul nya kurnag jos \r\n2. kurang miring abstrak \r\n3. pendahuluan kurang jos\r\n4.kurang pengambangan\r\n\r\n                                                                ', 12018200, 'didit@gmail.com', 'Teknik Informatika', '        teknologi industri', 'universitas indonesia', '                                                                                                                Yogyakarta', '                                                                                                                ', '', '', '', '', '', '', '', '', '', '', '', '', '', '', '2017-07-09', '0000-00-00', 'revisifinal', '1', 0, 0, '', 11),
(66, 0, '<p>Pengembangan Aplikasi Tambal Ban paidi dengan metode skram keren abis</p>', '          Didit Setia BUdi', 'Jurnal tambal ban 1 revisi selesai', '                                                                                      \r\n                                                                                                        1. judul nya kurnag jos \r\n2. kurang miring abstrak \r\n3. pendahuluan kurang jos\r\n4.kurang pengambangan\r\n\r\n                                                                ', 12018200, 'didit@gmail.com', 'Teknik Informatika', '          teknologi industri', 'universitas indonesia', '                                                                                                                                            Yogyakarta', '                                                                                                                                            ', '', '', '', '', '', '', '', '', '', '', '', '', '', '', '2017-07-09', '2017-07-10', 'Waiting', '1', 0, 0, '', 11),
(67, 0, '<p>Pengembangan Aplikasi Tambal Ban paidi dengan metode skram keren abis</p>', '          Didit Setia BUdi', 'Jurnal tambal ban 1 revisi selesai', '                                                                                      \r\n                                                                                                        1. judul nya kurnag jos \r\n2. kurang miring abstrak \r\n3. pendahuluan kurang jos\r\n4.kurang pengambangan\r\n\r\n                                                                ', 12018200, 'didit@gmail.com', 'Teknik Informatika', '          teknologi industri', 'universitas indonesia', '                                                                                                                                            Yogyakarta', '                                                                                                                                            ', '', '', '', '', '', '', '', '', '', '', '', '', '', '', '2017-07-11', '2017-07-11', 'Waiting', '1', 0, 0, '', 3),
(68, 0, '<p>Pengembangan Aplikasi Tambal Ban paidi dengan metode skram keren abis</p>', '         Didit Setia BUdi', 'Jurnal tambal ban 1 revisi selesai', '                                                                                      \r\n                                                                                                        1. judul nya kurnag jos \r\n2. kurang miring abstrak \r\n3. pendahuluan kurang jos\r\n4.kurang pengambangan\r\n\r\n                                                                ', 12018200, 'didit@gmail.com', 'Teknik Informatika', '         teknologi industri', 'universitas indonesia', '                                                                                                                              Yogyakarta', '                                                                                                                              ', '', '', '', '', '', '', '', '', '', '', '', '', '', '', '2017-07-19', '0000-00-00', 'waitingfinal', '1', 0, 0, '', 11),
(69, 0, '<p>pengembangan aplikasi pembelian baju berbasis web dengan metode get one by one</p>', '  didit setia budi', 'aplikasi baju final', '', 12018299, 'didit@gmail.com', 'Teknik Informatika', '  Fakultas Teknologi Industri', 'Universitas Ahmad Dahlan', '                            Yogyakarta', '                            ', '', '', '', '', '', '', '', '', '', '', '', '', '', '', '2017-07-19', '0000-00-00', 'waitingriview', '1', 0, 0, '', 11);

-- --------------------------------------------------------

--
-- Struktur dari tabel `kategori`
--

CREATE TABLE `kategori` (
  `id_kategori` int(12) NOT NULL,
  `nama_kategori` varchar(50) NOT NULL
) ENGINE=InnoDB DEFAULT CHARSET=latin1;

--
-- Dumping data untuk tabel `kategori`
--

INSERT INTO `kategori` (`id_kategori`, `nama_kategori`) VALUES
(1, 'Teknik Informatika'),
(2, 'Biologi'),
(3, 'Matematika'),
(4, 'Teknik Elektro');

-- --------------------------------------------------------

--
-- Struktur dari tabel `komentar`
--

CREATE TABLE `komentar` (
  `no_komentar` int(12) NOT NULL,
  `nama` varchar(50) NOT NULL,
  `id_artikel` int(12) NOT NULL,
  `isi_komentar` text NOT NULL,
  `tanggal` date NOT NULL
) ENGINE=InnoDB DEFAULT CHARSET=latin1;

--
-- Dumping data untuk tabel `komentar`
--

INSERT INTO `komentar` (`no_komentar`, `nama`, `id_artikel`, `isi_komentar`, `tanggal`) VALUES
(1, 'burhan', 46, 'mantap gan jurnal nya..', '2017-05-10'),
(2, 'ilhama', 50, 'jurnal nya mantap', '2017-05-10'),
(3, 'ilhama', 51, 'jurnal nya keren mas', '2017-05-18');

-- --------------------------------------------------------

--
-- Struktur dari tabel `like`
--

CREATE TABLE `like` (
  `id_like` int(12) NOT NULL,
  `id_artikel` int(12) NOT NULL,
  `ip` varchar(20) NOT NULL
) ENGINE=InnoDB DEFAULT CHARSET=latin1;

--
-- Dumping data untuk tabel `like`
--

INSERT INTO `like` (`id_like`, `id_artikel`, `ip`) VALUES
(4, 50, '::1'),
(6, 51, '::1'),
(7, 46, '::1');

-- --------------------------------------------------------

--
-- Struktur dari tabel `statistik`
--

CREATE TABLE `statistik` (
  `id_statistik` int(12) NOT NULL,
  `ip` varchar(30) NOT NULL,
  `tanggal` date NOT NULL,
  `hits` int(11) NOT NULL,
  `online` varchar(255) NOT NULL
) ENGINE=InnoDB DEFAULT CHARSET=latin1;

--
-- Dumping data untuk tabel `statistik`
--

INSERT INTO `statistik` (`id_statistik`, `ip`, `tanggal`, `hits`, `online`) VALUES
(1, '::1', '2017-04-21', 1, '1492810863'),
(2, '::1', '2017-04-23', 1, '1492964993'),
(3, '::1', '2017-04-23', 1, '1492965034'),
(4, '::1', '2017-04-23', 1, '1492965183'),
(5, '::1', '2017-04-23', 1, '1492965229'),
(6, '::1', '2017-04-23', 1, '1492965440'),
(7, '::1', '2017-04-23', 1, '1492965523'),
(8, '::1', '2017-04-23', 1, '1492966149');

-- --------------------------------------------------------

--
-- Struktur dari tabel `tabel_jurnal`
--

CREATE TABLE `tabel_jurnal` (
  `id_jurnal` int(12) NOT NULL,
  `volume` varchar(20) NOT NULL,
  `nomer` varchar(50) NOT NULL,
  `bulan` varchar(50) NOT NULL,
  `tahun` varchar(50) NOT NULL,
  `halaman` varchar(50) NOT NULL
) ENGINE=InnoDB DEFAULT CHARSET=latin1;

-- --------------------------------------------------------

--
-- Struktur dari tabel `user`
--

CREATE TABLE `user` (
  `id_user` int(20) NOT NULL,
  `username` varchar(50) NOT NULL,
  `password` varchar(50) NOT NULL,
  `nama_user` varchar(50) NOT NULL,
  `foto` text NOT NULL,
  `email` varchar(50) NOT NULL,
  `tahun` varchar(10) NOT NULL,
  `bulan` varchar(20) NOT NULL,
  `tanggal` varchar(10) NOT NULL,
  `jeniskelamin` varchar(20) NOT NULL,
  `nomerhp` varchar(16) NOT NULL,
  `alamat` text NOT NULL,
  `alasan` text NOT NULL,
  `date` date NOT NULL,
  `level` varchar(50) NOT NULL,
  `status` varchar(20) NOT NULL
) ENGINE=InnoDB DEFAULT CHARSET=latin1;

--
-- Dumping data untuk tabel `user`
--

INSERT INTO `user` (`id_user`, `username`, `password`, `nama_user`, `foto`, `email`, `tahun`, `bulan`, `tanggal`, `jeniskelamin`, `nomerhp`, `alamat`, `alasan`, `date`, `level`, `status`) VALUES
(1, 'didit', 'didit', '', '', '', '', '', '', '', '', '', '', '0000-00-00', 'penulis', 'aktif'),
(2, 'redaksi', 'redaksi', '', '', '', '', '', '', '', '', '', '', '0000-00-00', 'redaksi', ''),
(3, 'riviewer', '93d9a044f635d8c27b9766669e9daae3', '', '', '', '', '', '', '', '', '', '', '0000-00-00', 'riviewer', ''),
(4, 'isgi', '48d0785a578d8e66ae1deba2b5d3bae6', '', '', '', '', '', '', '', '', '', '', '0000-00-00', 'penulis', 'aktif'),
(5, 'faris', '7d77e825b80cff62a72e680c1c81424f', '', '', '', '', '', '', '', '', '', '', '0000-00-00', 'penulis', 'aktif'),
(6, 'soni', '3331e8d1992e9dceb8f3ce8c69d8c2fb', '', '', '', '', '', '', '', '', '', '', '0000-00-00', 'redaksi', ''),
(7, 'budi', '00dfc53ee86af02e742515cdcf075ed3', 'budi setia', 'IMG-20151014-WA0004.jpg', 'b@gmail.com', '1995', 'Mei', '10', 'laki-laki', '1234366', 'soka', 'karena biar pintar', '2017-04-27', 'penulis', 'aktif'),
(8, 'rafi', '139c4e89cdbedaf144d05ca54a12a57b', 'raafiud dwi nata', '17934159_1033452203423004_2513383920674799616_n.jpg', 'r@gmail.com', '2003', 'Februari', '7', 'laki-laki', '12345677', 'Lampung', 'ingin menyelesaikan tugas', '2017-04-27', 'penulis', 'aktif'),
(9, 'farissi', '7d77e825b80cff62a72e680c1c81424f', 'Faris sahludin isalm', 'faris.jpg', 'faris@gmail.com', '1994', 'Februari', '10', 'laki-laki', '083840667134', 'temangung metal insyaf', 'karena biar hitsss', '2017-05-04', 'penulis', 'aktif'),
(10, 'Maman', '6ffee7d3af984c95d72d813efda2d919', 'Maman Padanag', 'maman.jpg', 'maman@gmail.com', '12', '13', '1996', 'lakilaki', '089665433213', 'Solo baru', '', '2017-05-05', 'redaksi', 'aktif'),
(11, 'diditsb', 'b54158bd2d60aa56125ff181a32fb1d0', 'Didit Setia Budi', 'diditfoto.jpg', 'didit@gmail.com', '1994', 'Januari', '13', 'laki-laki', '083840859314', 'Soka, ngoro-oro, patuk, gunungkidul', 'karena ingin wisuda', '2017-05-09', 'penulis', 'aktif'),
(12, 'Novitaip', '463f4921608f04a290b70bb391c2b74d', 'Novita indah pramudita', 'novitaprofil.jpg', 'novita@gmail.com', '1995', 'Februari', '12', 'perempuan', '098098765434', 'karangayam , depok , sleman , yogyakrta', 'memenuhi tugas kuliah', '2017-05-09', 'penulis', 'aktif'),
(13, 'Sonig', '3331e8d1992e9dceb8f3ce8c69d8c2fb', 'Soni Gustiono', 'soni.jpg', 'soni@gmial.com', '2000', 'Maret', '8', 'laki-laki', '098678456345', 'Temangung', 'menyelesaikan tugas kuliah', '2017-05-09', 'penulis', 'aktif'),
(17, 'danang', '6a17faad3b1275fd2558d5435c58440e', 'Danang', 'didit2.jpg', 'danang@gmial.com', '2001', 'April', '13', 'laki-laki', '09863436', 'Yogyakarta', 'suka menulis', '2017-06-14', 'penulis', 'aktif'),
(18, 'lisna', 'lisna', 'Lisna', '', 'lisna@gmail.com', '', '', '', '', '', '', '', '0000-00-00', 'riviewer', '');

--
-- Indexes for dumped tables
--

--
-- Indexes for table `artikel`
--
ALTER TABLE `artikel`
  ADD PRIMARY KEY (`id_artikel`);

--
-- Indexes for table `kategori`
--
ALTER TABLE `kategori`
  ADD PRIMARY KEY (`id_kategori`);

--
-- Indexes for table `komentar`
--
ALTER TABLE `komentar`
  ADD PRIMARY KEY (`no_komentar`);

--
-- Indexes for table `like`
--
ALTER TABLE `like`
  ADD PRIMARY KEY (`id_like`);

--
-- Indexes for table `statistik`
--
ALTER TABLE `statistik`
  ADD PRIMARY KEY (`id_statistik`);

--
-- Indexes for table `tabel_jurnal`
--
ALTER TABLE `tabel_jurnal`
  ADD PRIMARY KEY (`id_jurnal`);

--
-- Indexes for table `user`
--
ALTER TABLE `user`
  ADD PRIMARY KEY (`id_user`);

--
-- AUTO_INCREMENT for dumped tables
--

--
-- AUTO_INCREMENT for table `artikel`
--
ALTER TABLE `artikel`
  MODIFY `id_artikel` int(12) NOT NULL AUTO_INCREMENT, AUTO_INCREMENT=70;
--
-- AUTO_INCREMENT for table `kategori`
--
ALTER TABLE `kategori`
  MODIFY `id_kategori` int(12) NOT NULL AUTO_INCREMENT, AUTO_INCREMENT=5;
--
-- AUTO_INCREMENT for table `komentar`
--
ALTER TABLE `komentar`
  MODIFY `no_komentar` int(12) NOT NULL AUTO_INCREMENT, AUTO_INCREMENT=4;
--
-- AUTO_INCREMENT for table `like`
--
ALTER TABLE `like`
  MODIFY `id_like` int(12) NOT NULL AUTO_INCREMENT, AUTO_INCREMENT=8;
--
-- AUTO_INCREMENT for table `statistik`
--
ALTER TABLE `statistik`
  MODIFY `id_statistik` int(12) NOT NULL AUTO_INCREMENT, AUTO_INCREMENT=9;
--
-- AUTO_INCREMENT for table `tabel_jurnal`
--
ALTER TABLE `tabel_jurnal`
  MODIFY `id_jurnal` int(12) NOT NULL AUTO_INCREMENT;
--
-- AUTO_INCREMENT for table `user`
--
ALTER TABLE `user`
  MODIFY `id_user` int(20) NOT NULL AUTO_INCREMENT, AUTO_INCREMENT=19;
/*!40101 SET CHARACTER_SET_CLIENT=@OLD_CHARACTER_SET_CLIENT */;
/*!40101 SET CHARACTER_SET_RESULTS=@OLD_CHARACTER_SET_RESULTS */;
/*!40101 SET COLLATION_CONNECTION=@OLD_COLLATION_CONNECTION */;
